01ฮสา	02ฮสา17	890546	SBOL                   RURMOSCOW        RU	418.00
01ฮสา	02ฮสา17	890546	สฮฬศััศ฿	4.18
03ฮสา	03ฮสา17	890548	SBOL                   RURMOSCOW        RU	2500.00CR
12ฮสา	12ฮสา17	890550	SBOL                   RURMOSCOW        RU	4000.00CR
13ฮสา	13ฮสา17	890553	SBOL                   RURMOSCOW        RU	2550.00CR
13ฮสา	13ฮสา17	890555	SBOL                   RURMOSCOW        RU	2080.00CR
13ฮสา	13ฮสา17	890559	SBOL                   RURMOSCOW        RU	265.00CR
13ฮสา	13ฮสา17	890552	OAO MTS                RURMOSCOW        RUC9858694044   ฮฯหภาภ ำัหำรศ	193.87
13ฮสา	13ฮสา17	890569	SBOL                   RURMOSCOW        RU	8000.00CR
13ฮสา	13ฮสา17	890568	SBOL                   RURMOSCOW        RU	5000.00CR
13ฮสา	13ฮสา17	890576	SBOL                   RURMOSCOW        RU	1570.00CR
13ฮสา	13ฮสา17	890587	SBOL                   RURMOSCOW        RU	6000.00CR
13ฮสา	13ฮสา17	890561	VISA MONEY TRANSFER    RURVISA DIRECT   RU	4125.00CR
13ฮสา	13ฮสา17	890554	VISA MONEY TRANSFER    RURVISA DIRECT   RU	2950.00CR
13ฮสา	13ฮสา17	890556	TINKOFF BANK CARD2CARD RURVisa Direct   RU	6500.00CR
13ฮสา	13ฮสา17	890557	SBOL                   RURMOSCOW        RU	5000.00CR
13ฮสา	13ฮสา17	890562	SBOL                   RURMOSCOW        RU	11000.00CR
13ฮสา	13ฮสา17	890558	SBOL                   RURMOSCOW        RU	3150.00CR
13ฮสา	13ฮสา17	890563	SBOL                   RURMOSCOW        RU	1000.00CR
13ฮสา	13ฮสา17	890571	SBOL                   RURMOSCOW        RU	12500.00CR
13ฮสา	13ฮสา17	890566	SBOL                   RURMOSCOW        RU	6053.00CR
13ฮสา	13ฮสา17	890579	SBOL                   RURMOSCOW        RU	5300.00CR
13ฮสา	13ฮสา17	890580	SBOL                   RURMOSCOW        RU	3500.00CR
13ฮสา	13ฮสา17	890586	SBOL                   RURMOSCOW        RU	15000.00CR
13ฮสา	13ฮสา17	890589	SBOL                   RURMOSCOW        RU	1100.00CR
13ฮสา	13ฮสา17	890593	SBOL                   RURMOSCOW        RU	5000.00CR
13ฮสา	13ฮสา17	890596	SBOL                   RURMOSCOW        RU	1050.00CR
14ฮสา	14ฮสา17	890608	SBOL                   RURMOSCOW        RU	3159.00CR
14ฮสา	14ฮสา17	890612	SBOL                   RURMOSCOW        RU	4000.00CR
14ฮสา	14ฮสา17	890603	SBOL                   RURMOSCOW        RU	3150.00CR
14ฮสา	14ฮสา17	890628	SBOL                   RURMOSCOW        RU	3500.00CR
14ฮสา	14ฮสา17	890633	SBOL                   RURMOSCOW        RU	800.00CR
14ฮสา	14ฮสา17	890639	SBOL                   RURMOSCOW        RU	1500.00CR
14ฮสา	14ฮสา17	890636	SBOL                   RURMOSCOW        RU	70000.00
14ฮสา	14ฮสา17	890647	SBOL                   RURMOSCOW        RU	3000.00CR
14ฮสา	14ฮสา17	890649	SBOL                   RURMOSCOW        RU	1000.00CR
13ฮสา	14ฮสา17	890570	VISA MONEY TRANSFER    RURVISA DIRECT   RU	7900.00CR
14ฮสา	14ฮสา17	890604	VISA MONEY TRANSFER    RURVISA DIRECT   RU	1550.00CR
14ฮสา	14ฮสา17	890621	VISA MONEY TRANSFER    RURVISA DIRECT   RU	4880.00CR
14ฮสา	14ฮสา17	890611	TINKOFF BANK CARD2CARD RURVisa Direct   RU	3000.00CR
14ฮสา	14ฮสา17	890606	VISA MONEY TRANSFER    RURVISA DIRECT   RU	7400.00CR
14ฮสา	14ฮสา17	890610	SBOL                   RURMOSCOW        RU	2349.00CR
14ฮสา	14ฮสา17	890615	SBOL                   RURMOSCOW        RU	5500.00CR
14ฮสา	14ฮสา17	890622	SBOL                   RURMOSCOW        RU	19000.00CR
14ฮสา	14ฮสา17	890632	SBOL                   RURMOSCOW        RU	1500.00CR
14ฮสา	14ฮสา17	890630	SBOL                   RURMOSCOW        RU	4100.00CR
14ฮสา	14ฮสา17	890623	SBOL                   RURMOSCOW        RU	1053.00CR
14ฮสา	14ฮสา17	890624	SBOL                   RURMOSCOW        RU	1200.00CR
14ฮสา	14ฮสา17	890638	SBOL                   RURMOSCOW        RU	80000.00
14ฮสา	14ฮสา17	890646	SBOL                   RURMOSCOW        RU	5265.00CR
14ฮสา	14ฮสา17	890609	VISA MONEY TRANSFER    RURVISA DIRECT   RU	5100.00CR
14ฮสา	14ฮสา17	890613	VISA MONEY TRANSFER    RURVISA DIRECT   RU	3250.00CR
13ฮสา	14ฮสา17	890575	VISA MONEY TRANSFER    RURVISA DIRECT   RU	9100.00CR
14ฮสา	14ฮสา17	890620	VISA MONEY TRANSFER    RURVISA DIRECT   RU	2150.00CR
14ฮสา	14ฮสา17	890607	VISA MONEY TRANSFER    RURVISA DIRECT   RU	5850.00CR
13ฮสา	14ฮสา17	890564	VISA MONEY TRANSFER    RURVISA DIRECT   RU	14500.00CR
14ฮสา	14ฮสา17	890619	VISA MONEY TRANSFER    RURVISA DIRECT   RU	3900.00CR
13ฮสา	14ฮสา17	890590	VISA MONEY TRANSFER    RURVISA DIRECT   RU	4360.00CR
14ฮสา	14ฮสา17	890605	VISA MONEY TRANSFER    RURVISA DIRECT   RU	14500.00CR
13ฮสา	14ฮสา17	890585	VISA MONEY TRANSFER    RURVISA DIRECT   RU	4800.00CR
15ฮสา	16ฮสา17	890672	SBOL                   RURMOSCOW        RU	15000.00CR
15ฮสา	16ฮสา17	890692	SBOL                   RURMOSCOW        RU	24500.00CR
14ฮสา	16ฮสา17	890626	VISA MONEY TRANSFER    RURVISA DIRECT   RU	14650.00CR
14ฮสา	16ฮสา17	890627	VISA MONEY TRANSFER    RURVISA DIRECT   RU	6000.00CR
14ฮสา	16ฮสา17	890625	VISA MONEY TRANSFER    RURVISA DIRECT   RU	3080.00CR
16ฮสา	16ฮสา17	890704	SBOL                   RURMOSCOW        RU	3000.00CR
16ฮสา	16ฮสา17	890703	SBOL                   RURMOSCOW        RU	32000.00CR
16ฮสา	16ฮสา17	890706	SBOL                   RURMOSCOW        RU	120000.00
16ฮสา	16ฮสา17	890711	SBOL                   RURMOSCOW        RU	2632.00CR
16ฮสา	16ฮสา17	890721	SBOL                   RURMOSCOW        RU	990.00CR
16ฮสา	16ฮสา17	890719	SBOL                   RURMOSCOW        RU	5000.00CR
16ฮสา	16ฮสา17	890728	SBOL                   RURMOSCOW        RU	20000.00CR
16ฮสา	16ฮสา17	890726	SBOL                   RURMOSCOW        RU	5000.00CR
16ฮสา	16ฮสา17	890729	SBOL                   RURMOSCOW        RU	45000.00CR
16ฮสา	16ฮสา17	890731	SBOL                   RURMOSCOW        RU	5500.00CR
16ฮสา	16ฮสา17	890730	SBOL                   RURMOSCOW        RU	8420.00CR
16ฮสา	16ฮสา17	890736	SBOL                   RURMOSCOW        RU	6500.00CR
16ฮสา	16ฮสา17	890740	SBOL                   RURMOSCOW        RU	10000.00CR
16ฮสา	16ฮสา17	890755	SBOL                   RURMOSCOW        RU	50000.00
16ฮสา	16ฮสา17	890755	สฮฬศััศ฿	500.00
16ฮสา	16ฮสา17	890745	SBOL                   RURMOSCOW        RU	4000.00CR
16ฮสา	16ฮสา17	890759	SBOL                   RURMOSCOW        RU	2500.00CR
16ฮสา	16ฮสา17	890750	SBOL                   RURMOSCOW        RU	17000.00CR
16ฮสา	16ฮสา17	890781	SBOL                   RURMOSCOW        RU	130000.00
16ฮสา	16ฮสา17	890781	สฮฬศััศ฿	1000.00
16ฮสา	16ฮสา17	890712	Visa Money Transfer    RURVisa Direct   RU	2700.00CR
16ฮสา	16ฮสา17	890709	VISA MONEY TRANSFER    RURVISA DIRECT   RU	10000.00CR
15ฮสา	16ฮสา17	890693	VISA MONEY TRANSFER    RURVISA DIRECT   RU	9000.00CR
16ฮสา	16ฮสา17	890722	VISA MONEY TRANSFER    RURVISA DIRECT   RU	7300.00CR
16ฮสา	16ฮสา17	890702	Yandex.Money>MOSKVA    RURVisa Direct   RU	3355.00CR
15ฮสา	16ฮสา17	890681	VISA MONEY TRANSFER    RURVISA DIRECT   RU	14650.00CR
15ฮสา	16ฮสา17	890673	SBOL                   RURMOSCOW        RU	10000.00CR
15ฮสา	16ฮสา17	890670	SBOL                   RURMOSCOW        RU	25000.00CR
15ฮสา	16ฮสา17	890674	SBOL                   RURMOSCOW        RU	6000.00CR
15ฮสา	16ฮสา17	890679	SBOL                   RURMOSCOW        RU	100000.00
15ฮสา	16ฮสา17	890675	SBOL                   RURMOSCOW        RU	20000.00CR
15ฮสา	16ฮสา17	890680	SBOL                   RURMOSCOW        RU	6190.00CR
15ฮสา	16ฮสา17	890677	SBOL                   RURMOSCOW        RU	5000.00CR
15ฮสา	16ฮสา17	890676	SBOL                   RURMOSCOW        RU	840.00CR
15ฮสา	16ฮสา17	890694	SBOL                   RURMOSCOW        RU	7000.00CR
15ฮสา	16ฮสา17	890671	VISA MONEY TRANSFER    RURVISA DIRECT   RU	6600.00CR
14ฮสา	16ฮสา17	890631	VISA MONEY TRANSFER    RURVISA DIRECT   RU	9690.00CR
16ฮสา	16ฮสา17	890710	SBOL                   RURMOSCOW        RU	1600.00CR
16ฮสา	16ฮสา17	890713	SBOL                   RURMOSCOW        RU	7000.00CR
16ฮสา	16ฮสา17	890717	ATM 780173             RURMOSKVA        RU	25000.00CR
16ฮสา	16ฮสา17	890715	SBOL                   RURMOSCOW        RU	4940.00CR
16ฮสา	16ฮสา17	890737	SBOL                   RURMOSCOW        RU	3000.00CR
16ฮสา	16ฮสา17	890744	SBOL                   RURMOSCOW        RU	3158.00CR
16ฮสา	16ฮสา17	890741	SBOL                   RURMOSCOW        RU	2070.00CR
16ฮสา	16ฮสา17	890743	SBOL                   RURMOSCOW        RU	8000.00CR
16ฮสา	16ฮสา17	890748	MBK                    RURMOSCOW        RU	2200.00CR
16ฮสา	16ฮสา17	890746	SBOL                   RURMOSCOW        RU	20450.00CR
16ฮสา	16ฮสา17	890753	SBOL                   RURMOSCOW        RU	5300.00CR
16ฮสา	16ฮสา17	890747	SBOL                   RURMOSCOW        RU	12000.00CR
16ฮสา	16ฮสา17	890761	SBOL                   RURMOSCOW        RU	50000.00
16ฮสา	16ฮสา17	890761	สฮฬศััศ฿	500.00
16ฮสา	16ฮสา17	890764	SBOL                   RURMOSCOW        RU	7000.00
16ฮสา	16ฮสา17	890764	สฮฬศััศ฿	70.00
16ฮสา	16ฮสา17	890765	SBOL                   RURMOSCOW        RU	2200.00CR
16ฮสา	16ฮสา17	890777	SBOL                   RURMOSCOW        RU	100000.00
16ฮสา	16ฮสา17	890777	สฮฬศััศ฿	1000.00
16ฮสา	16ฮสา17	890779	SBOL                   RURMOSCOW        RU	15000.00
16ฮสา	16ฮสา17	890779	สฮฬศััศ฿	150.00
15ฮสา	16ฮสา17	890682	VISA MONEY TRANSFER    RURVISA DIRECT   RU	6000.00CR
16ฮสา	17ฮสา17	000000	ฯหภาภ วภ ำัหำรำ ฬฮมศห RURอษ มภอส,๒ๅ๋. +	60.00
17ฮสา	17ฮสา17	890796	SBOL                   RURMOSCOW        RU	1200.00CR
17ฮสา	17ฮสา17	890800	SBOL                   RURMOSCOW        RU	3000.00CR
17ฮสา	17ฮสา17	890801	SBOL                   RURMOSCOW        RU	10120.00CR
17ฮสา	17ฮสา17	890803	SBOL                   RURMOSCOW        RU	1900.00CR
17ฮสา	17ฮสา17	890808	SBOL                   RURMOSCOW        RU	6700.00CR
17ฮสา	17ฮสา17	890821	SBOL                   RURMOSCOW        RU	1000.00CR
17ฮสา	17ฮสา17	890823	SBOL                   RURMOSCOW        RU	100000.00
17ฮสา	17ฮสา17	890823	สฮฬศััศ฿	1000.00
16ฮสา	17ฮสา17	890749	VISA MONEY TRANSFER    RURVISA DIRECT   RU	14000.00CR
17ฮสา	17ฮสา17	890792	SBOL                   RURMOSCOW        RU	530.00CR
17ฮสา	17ฮสา17	890795	SBOL                   RURMOSCOW        RU	600.00CR
17ฮสา	17ฮสา17	890811	SBOL                   RURMOSCOW        RU	4000.00CR
17ฮสา	17ฮสา17	890812	SBOL                   RURMOSCOW        RU	1500.00CR
17ฮสา	17ฮสา17	890817	SBOL                   RURMOSCOW        RU	5000.00CR
17ฮสา	17ฮสา17	890797	VISA MONEY TRANSFER    RURVISA DIRECT   RU	5155.00CR
17ฮสา	17ฮสา17	890804	VISA MONEY TRANSFER    RURVISA DIRECT   RU	10565.00CR
16ฮสา	17ฮสา17	890732	VISA MONEY TRANSFER    RURVISA DIRECT   RU	11700.00CR
17ฮสา	17ฮสา17	890793	VISA MONEY TRANSFER    RURVISA DIRECT   RU	9280.00CR
17ฮสา	17ฮสา17	890807	VISA MONEY TRANSFER    RURVISA DIRECT   RU	14000.00CR
18ฮสา	18ฮสา17	890875	SBOL                   RURMOSCOW        RU	1500.00CR
18ฮสา	18ฮสา17	890838	SBOL                   RURMOSCOW        RU	15800.00CR
18ฮสา	18ฮสา17	890841	SBOL                   RURMOSCOW        RU	1940.00CR
18ฮสา	18ฮสา17	890847	SBOL                   RURMOSCOW        RU	100000.00
18ฮสา	18ฮสา17	890858	SBOL                   RURMOSCOW        RU	4900.00CR
18ฮสา	18ฮสา17	890857	SBOL                   RURMOSCOW        RU	10000.00CR
18ฮสา	18ฮสา17	890863	SBOL                   RURMOSCOW        RU	1000.00CR
18ฮสา	18ฮสา17	890868	SBOL                   RURMOSCOW        RU	2000.00CR
18ฮสา	18ฮสา17	890873	SBOL                   RURMOSCOW        RU	1300.00CR
18ฮสา	18ฮสา17	890876	SBOL                   RURMOSCOW        RU	6800.00CR
18ฮสา	18ฮสา17	890832	SBOL                   RURMOSCOW        RU	550.00CR
18ฮสา	18ฮสา17	890840	SBOL                   RURMOSCOW        RU	27000.00CR
18ฮสา	18ฮสา17	890842	SBOL                   RURMOSCOW        RU	6900.00CR
18ฮสา	18ฮสา17	890843	SBOL                   RURMOSCOW        RU	43000.00CR
18ฮสา	18ฮสา17	890859	SBOL                   RURMOSCOW        RU	2900.00CR
18ฮสา	18ฮสา17	890865	SBOL                   RURMOSCOW        RU	85000.00
18ฮสา	18ฮสา17	890870	SBOL                   RURMOSCOW        RU	2000.00CR
18ฮสา	18ฮสา17	890878	SBOL                   RURMOSCOW        RU	5000.00CR
18ฮสา	18ฮสา17	890835	VISA MONEY TRANSFER    RURVISA DIRECT   RU	14230.00CR
18ฮสา	18ฮสา17	890856	VISA MONEY TRANSFER    RURVISA DIRECT   RU	6900.00CR
18ฮสา	18ฮสา17	890837	Yandex.Money>MOSKVA    RURVisa Direct   RU	2700.00CR
18ฮสา	18ฮสา17	890851	VISA MONEY TRANSFER    RURVISA DIRECT   RU	9600.00CR
18ฮสา	18ฮสา17	890831	VISA MONEY TRANSFER    RURVISA DIRECT   RU	1546.00CR
17ฮสา	18ฮสา17	890819	VISA MONEY TRANSFER    RURVISA DIRECT   RU	4350.00CR
18ฮสา	18ฮสา17	890854	VISA MONEY TRANSFER    RURVISA DIRECT   RU	14650.00CR
18ฮสา	18ฮสา17	890880	SBOL                   RURMOSCOW        RU	5700.00CR
18ฮสา	18ฮสา17	890855	VISA MONEY TRANSFER    RURVISA DIRECT   RU	6800.00CR
18ฮสา	18ฮสา17	890834	VISA MONEY TRANSFER    RURVISA DIRECT   RU	14656.00CR
17ฮสา	18ฮสา17	890809	VISA MONEY TRANSFER    RURVISA DIRECT   RU	4850.00CR
18ฮสา	18ฮสา17	890888	MBK                    RURMOSCOW        RU	8000.00CR
18ฮสา	18ฮสา17	890844	VISA MONEY TRANSFER    RURVISA DIRECT   RU	4124.00CR
18ฮสา	18ฮสา17	890848	VISA MONEY TRANSFER    RURVISA DIRECT   RU	2900.00CR
18ฮสา	18ฮสา17	890833	VISA MONEY TRANSFER    RURVISA DIRECT   RU	14656.00CR
17ฮสา	18ฮสา17	890818	VISA MONEY TRANSFER    RURVisa Direct   RU	2000.00CR
17ฮสา	18ฮสา17	890810	VISA MONEY TRANSFER    RURVISA DIRECT   RU	3200.00CR
18ฮสา	18ฮสา17	890839	VISA MONEY TRANSFER    RURVISA DIRECT   RU	1490.00CR
19ฮสา	19ฮสา17	890923	SBOL                   RURMOSCOW        RU	960.00CR
19ฮสา	19ฮสา17	890925	SBOL                   RURMOSCOW        RU	4050.00CR
19ฮสา	19ฮสา17	890922	SBOL                   RURMOSCOW        RU	2662.00CR
19ฮสา	19ฮสา17	890937	SBOL                   RURMOSCOW        RU	100000.00
19ฮสา	19ฮสา17	890937	สฮฬศััศ฿	1000.00
19ฮสา	19ฮสา17	890940	SBOL                   RURMOSCOW        RU	100000.00
19ฮสา	19ฮสา17	890940	สฮฬศััศ฿	1000.00
19ฮสา	19ฮสา17	890942	SBOL                   RURMOSCOW        RU	12500.00CR
19ฮสา	19ฮสา17	890946	SBOL                   RURMOSCOW        RU	3670.00CR
19ฮสา	19ฮสา17	890945	SBOL                   RURMOSCOW        RU	70000.00
19ฮสา	19ฮสา17	890945	สฮฬศััศ฿	700.00
19ฮสา	19ฮสา17	890949	SBOL                   RURMOSCOW        RU	1200.00CR
18ฮสา	19ฮสา17	890874	VISA MONEY TRANSFER    RURVISA DIRECT   RU	9860.00CR
18ฮสา	19ฮสา17	890867	VISA MONEY TRANSFER    RURVISA DIRECT   RU	2200.00CR
18ฮสา	19ฮสา17	890886	VISA MONEY TRANSFER    RURVISA DIRECT   RU	12000.00CR
19ฮสา	19ฮสา17	890906	Yandex.Money>MOSKVA    RURVisa Direct   RU	3850.00CR
18ฮสา	19ฮสา17	890871	VISA MONEY TRANSFER    RURVISA DIRECT   RU	9000.00CR
19ฮสา	19ฮสา17	890911	VISA MONEY TRANSFER    RURVISA DIRECT   RU	5145.00CR
19ฮสา	19ฮสา17	890912	VISA MONEY TRANSFER    RURVISA DIRECT   RU	3260.00CR
19ฮสา	19ฮสา17	890908	VISA MONEY TRANSFER    RURVISA DIRECT   RU	3800.00CR
19ฮสา	19ฮสา17	890907	SBOL                   RURMOSCOW        RU	5500.00CR
19ฮสา	19ฮสา17	890913	SBOL                   RURMOSCOW        RU	7225.00CR
19ฮสา	19ฮสา17	890916	SBOL                   RURMOSCOW        RU	19540.00CR
19ฮสา	19ฮสา17	890917	SBOL                   RURMOSCOW        RU	25000.00CR
19ฮสา	19ฮสา17	890920	SBOL                   RURMOSCOW        RU	10500.00CR
19ฮสา	19ฮสา17	890919	SBOL                   RURMOSCOW        RU	10000.00CR
19ฮสา	19ฮสา17	890924	SBOL                   RURMOSCOW        RU	6400.00CR
19ฮสา	19ฮสา17	890926	SBOL                   RURMOSCOW        RU	9900.00CR
19ฮสา	19ฮสา17	890934	SBOL                   RURMOSCOW        RU	1000.00CR
19ฮสา	19ฮสา17	890943	SBOL                   RURMOSCOW        RU	11265.00CR
19ฮสา	19ฮสา17	890941	SBOL                   RURMOSCOW        RU	11580.00CR
19ฮสา	19ฮสา17	890909	VISA MONEY TRANSFER    RURVISA DIRECT   RU	2062.00CR
19ฮสา	19ฮสา17	890910	VISA MONEY TRANSFER    RURVISA DIRECT   RU	6320.00CR
18ฮสา	19ฮสา17	890869	VISA MONEY TRANSFER    RURVISA DIRECT   RU	3570.00CR
20ฮสา	20ฮสา17	890973	SBOL                   RURMOSCOW        RU	4500.00CR
20ฮสา	20ฮสา17	890974	SBOL                   RURMOSCOW        RU	5300.00CR
20ฮสา	20ฮสา17	890975	SBOL                   RURMOSCOW        RU	5000.00CR
20ฮสา	20ฮสา17	890987	SBOL                   RURMOSCOW        RU	3500.00CR
20ฮสา	20ฮสา17	890979	SBOL                   RURMOSCOW        RU	2632.00CR
20ฮสา	20ฮสา17	890981	SBOL                   RURMOSCOW        RU	2000.00CR
20ฮสา	20ฮสา17	890990	SBOL                   RURMOSCOW        RU	6500.00CR
20ฮสา	20ฮสา17	890999	SBOL                   RURMOSCOW        RU	14000.00CR
20ฮสา	20ฮสา17	891000	SBOL                   RURMOSCOW        RU	8250.00CR
20ฮสา	20ฮสา17	890994	SBOL                   RURMOSCOW        RU	4500.00CR
20ฮสา	20ฮสา17	891003	SBOL                   RURMOSCOW        RU	3000.00CR
20ฮสา	20ฮสา17	891004	SBOL                   RURMOSCOW        RU	4550.00CR
20ฮสา	20ฮสา17	891005	SBOL                   RURMOSCOW        RU	3200.00CR
20ฮสา	20ฮสา17	891009	SBOL                   RURMOSCOW        RU	7632.00CR
20ฮสา	20ฮสา17	891011	SBOL                   RURMOSCOW        RU	6000.00CR
20ฮสา	20ฮสา17	891016	SBOL                   RURMOSCOW        RU	14290.00CR
20ฮสา	20ฮสา17	890969	ATM 390717             RURSHAKHTY       RU	3000.00CR
20ฮสา	20ฮสา17	890971	SBOL                   RURMOSCOW        RU	5000.00CR
20ฮสา	20ฮสา17	890977	SBOL                   RURMOSCOW        RU	1680.00CR
20ฮสา	20ฮสา17	890986	SBOL                   RURMOSCOW        RU	2300.00CR
20ฮสา	20ฮสา17	890982	SBOL                   RURMOSCOW        RU	526.00CR
20ฮสา	20ฮสา17	890989	SBOL                   RURMOSCOW        RU	8800.00CR
20ฮสา	20ฮสา17	890976	VISA MONEY TRANSFER    RURVISA DIRECT   RU	10260.00CR
19ฮสา	20ฮสา17	890954	VISA MONEY TRANSFER    RURVISA DIRECT   RU	4575.00CR
20ฮสา	20ฮสา17	891018	SBOL                   RURMOSCOW        RU	2200.00CR
19ฮสา	20ฮสา17	890933	VISA MONEY TRANSFER    RURVISA DIRECT   RU	2000.00CR
20ฮสา	20ฮสา17	890970	VISA MONEY TRANSFER    RURVISA DIRECT   RU	1620.00CR
20ฮสา	20ฮสา17	890988	VISA MONEY TRANSFER    RURVISA DIRECT   RU	12000.00CR
21ฮสา	21ฮสา17	891027	SBOL                   RURMOSCOW        RU	2000.00CR
21ฮสา	21ฮสา17	891026	SBOL                   RURMOSCOW        RU	3900.00CR
21ฮสา	21ฮสา17	891033	SBOL                   RURMOSCOW        RU	10000.00CR
21ฮสา	21ฮสา17	891039	SBOL                   RURMOSCOW        RU	5000.00CR
21ฮสา	21ฮสา17	891031	SBOL                   RURMOSCOW        RU	500.00CR
21ฮสา	21ฮสา17	891032	SBOL                   RURMOSCOW        RU	9500.00CR
21ฮสา	21ฮสา17	891064	SBOL                   RURMOSCOW        RU	5000.00CR
21ฮสา	21ฮสา17	891062	SBOL                   RURMOSCOW        RU	3970.00CR
21ฮสา	21ฮสา17	891074	SBOL                   RURMOSCOW        RU	56670.00
21ฮสา	21ฮสา17	891074	สฮฬศััศ฿	566.70
20ฮสา	21ฮสา17	890998	VISA MONEY TRANSFER    RURVISA DIRECT   RU	11343.00CR
21ฮสา	21ฮสา17	891038	VISA MONEY TRANSFER    RURVISA DIRECT   RU	1890.00CR
20ฮสา	21ฮสา17	890991	VISA MONEY TRANSFER    RURVISA DIRECT   RU	9000.00CR
21ฮสา	21ฮสา17	891030	VISA MONEY TRANSFER    RURVISA DIRECT   RU	2800.00CR
21ฮสา	21ฮสา17	891028	VISA MONEY TRANSFER    RURVISA DIRECT   RU	4550.00CR
20ฮสา	21ฮสา17	891001	VISA MONEY TRANSFER    RURVISA DIRECT   RU	15000.00CR
21ฮสา	21ฮสา17	891034	CYBERPLAT              RURVisa Direct   RU	1575.00CR
21ฮสา	21ฮสา17	891045	VISA MONEY TRANSFER    RURVISA DIRECT   RU	14650.00CR
21ฮสา	21ฮสา17	891029	SBOL                   RURMOSCOW        RU	1100.00CR
21ฮสา	21ฮสา17	891037	SBOL                   RURMOSCOW        RU	8400.00CR
21ฮสา	21ฮสา17	891035	SBOL                   RURMOSCOW        RU	45000.00CR
21ฮสา	21ฮสา17	891036	SBOL                   RURMOSCOW        RU	3000.00CR
21ฮสา	21ฮสา17	891046	SBOL                   RURMOSCOW        RU	498.00CR
21ฮสา	21ฮสา17	891044	SBOL                   RURMOSCOW        RU	100000.00
21ฮสา	21ฮสา17	891042	SBOL                   RURMOSCOW        RU	100000.00
21ฮสา	21ฮสา17	891050	OSB 9055 1811          RURST.PETERSBURG RU	3000.00CR
21ฮสา	21ฮสา17	891059	SBOL                   RURMOSCOW        RU	14100.00CR
21ฮสา	21ฮสา17	891071	SBOL                   RURMOSCOW        RU	8350.00
21ฮสา	21ฮสา17	891040	Visa Money Transfer    RURVisa Direct   RU	4200.00CR
21ฮสา	23ฮสา17	891069	VISA MONEY TRANSFER    RURVISA DIRECT   RU	5775.00CR
21ฮสา	23ฮสา17	891061	VISA MONEY TRANSFER    RURVISA DIRECT   RU	6190.00CR
22ฮสา	23ฮสา17	891091	VISA MONEY TRANSFER    RURVISA DIRECT   RU	4800.00CR
21ฮสา	23ฮสา17	891063	Yandex.Money>MOSKVA    RURVisa Direct   RU	5400.00CR
21ฮสา	23ฮสา17	891058	VISA MONEY TRANSFER    RURVISA DIRECT   RU	6810.00CR
21ฮสา	23ฮสา17	891065	VISA MONEY TRANSFER    RURVISA DIRECT   RU	11900.00CR
22ฮสา	23ฮสา17	891088	SBOL                   RURMOSCOW        RU	530.00CR
22ฮสา	23ฮสา17	891089	SBOL                   RURMOSCOW        RU	1600.00CR
22ฮสา	23ฮสา17	891092	SBOL                   RURMOSCOW        RU	4000.00CR
22ฮสา	23ฮสา17	891098	SBOL                   RURMOSCOW        RU	3000.00CR
22ฮสา	23ฮสา17	891097	SBOL                   RURMOSCOW        RU	10000.00CR
22ฮสา	23ฮสา17	891096	SBOL                   RURMOSCOW        RU	4950.00CR
21ฮสา	23ฮสา17	891060	VISA MONEY TRANSFER    RURVISA DIRECT   RU	3375.00CR
22ฮสา	23ฮสา17	891090	VISA MONEY TRANSFER    RURVISA DIRECT   RU	13700.00CR
23ฮสา	23ฮสา17	891118	SBOL                   RURMOSCOW        RU	2500.00CR
23ฮสา	23ฮสา17	891120	SBOL                   RURMOSCOW        RU	100000.00
23ฮสา	23ฮสา17	891116	SBOL                   RURMOSCOW        RU	2750.00CR
23ฮสา	23ฮสา17	891147	SBOL                   RURMOSCOW        RU	16000.00CR
23ฮสา	23ฮสา17	891148	SBOL                   RURMOSCOW        RU	1000.00CR
23ฮสา	23ฮสา17	891150	SBOL                   RURMOSCOW        RU	6000.00CR
23ฮสา	23ฮสา17	891149	SBOL                   RURMOSCOW        RU	6000.00CR
23ฮสา	23ฮสา17	891156	SBOL                   RURMOSCOW        RU	5500.00CR
23ฮสา	23ฮสา17	891153	SBOL                   RURMOSCOW        RU	54000.00
23ฮสา	23ฮสา17	891157	SBOL                   RURMOSCOW        RU	4000.00CR
22ฮสา	23ฮสา17	891102	VISA MONEY TRANSFER    RURVISA DIRECT   RU	4678.00CR
23ฮสา	23ฮสา17	891113	VISA MONEY TRANSFER    RURVISA DIRECT   RU	4165.00CR
23ฮสา	23ฮสา17	891115	VISA MONEY TRANSFER    RURVISA DIRECT   RU	12400.00CR
23ฮสา	23ฮสา17	891130	VISA MONEY TRANSFER    RURVISA DIRECT   RU	1855.00CR
23ฮสา	23ฮสา17	891111	SBOL                   RURMOSCOW        RU	7000.00CR
23ฮสา	23ฮสา17	891114	SBOL                   RURMOSCOW        RU	1000.00CR
23ฮสา	23ฮสา17	891122	SBOL                   RURMOSCOW        RU	100000.00
23ฮสา	23ฮสา17	891124	SBOL                   RURMOSCOW        RU	4985.00CR
23ฮสา	23ฮสา17	891123	SBOL                   RURMOSCOW        RU	6000.00CR
23ฮสา	23ฮสา17	891125	SBOL                   RURMOSCOW        RU	2475.00CR
23ฮสา	23ฮสา17	891138	SBOL                   RURMOSCOW        RU	41500.00
23ฮสา	23ฮสา17	891139	SBOL                   RURMOSCOW        RU	2200.00CR
23ฮสา	23ฮสา17	891155	SBOL                   RURMOSCOW        RU	10500.00
23ฮสา	23ฮสา17	891151	SBOL                   RURMOSCOW        RU	30000.00CR
23ฮสา	23ฮสา17	891133	VISA MONEY TRANSFER    RURVISA DIRECT   RU	10700.00CR
23ฮสา	23ฮสา17	891117	VISA MONEY TRANSFER    RURVISA DIRECT   RU	13450.00CR
23ฮสา	23ฮสา17	891136	VISA MONEY TRANSFER    RURVISA DIRECT   RU	2595.00CR
24ฮสา	24ฮสา17	891174	SBOL                   RURMOSCOW        RU	10000.00CR
24ฮสา	24ฮสา17	891177	SBOL                   RURMOSCOW        RU	2030.00CR
24ฮสา	24ฮสา17	891182	SBOL                   RURMOSCOW        RU	50000.00
24ฮสา	24ฮสา17	891189	SBOL                   RURMOSCOW        RU	4900.00CR
24ฮสา	24ฮสา17	891191	SBOL                   RURMOSCOW        RU	23000.00
24ฮสา	24ฮสา17	891194	SBOL                   RURMOSCOW        RU	3000.00CR
24ฮสา	24ฮสา17	891201	SBOL                   RURMOSCOW        RU	13100.00
24ฮสา	24ฮสา17	891175	VISA MONEY TRANSFER    RURVISA DIRECT   RU	8145.00CR
23ฮสา	24ฮสา17	891141	Yandex.Money>MOSKVA    RURVisa Direct   RU	500.00CR
24ฮสา	24ฮสา17	891203	SBOL                   RURMOSCOW        RU	690.00CR
23ฮสา	24ฮสา17	891140	VISA MONEY TRANSFER    RURVisa Direct   RU	2000.00CR
24ฮสา	24ฮสา17	891178	SBOL                   RURMOSCOW        RU	900.00CR
24ฮสา	24ฮสา17	891187	SBOL                   RURMOSCOW        RU	2700.00CR
24ฮสา	24ฮสา17	891193	SBOL                   RURMOSCOW        RU	2100.00CR
23ฮสา	24ฮสา17	891142	VISA MONEY TRANSFER    RURVISA DIRECT   RU	14600.00CR
23ฮสา	24ฮสา17	891146	VISA MONEY TRANSFER    RURVISA DIRECT   RU	1920.00CR
23ฮสา	24ฮสา17	891143	YM                     RURVisa Direct   RU	3260.00CR
24ฮสา	24ฮสา17	891211	SBOL                   RURMOSCOW        RU	17000.00
24ฮสา	24ฮสา17	891211	สฮฬศััศ฿	170.00
25ฮสา	25ฮสา17	891219	SBOL                   RURMOSCOW        RU	2100.00CR
25ฮสา	25ฮสา17	891218	SBOL                   RURMOSCOW        RU	19800.00CR
25ฮสา	25ฮสา17	891220	SBOL                   RURMOSCOW        RU	25000.00CR
25ฮสา	25ฮสา17	891225	SBOL                   RURMOSCOW        RU	25000.00CR
24ฮสา	25ฮสา17	891184	Yandex.Money>MOSKVA    RURVisa Direct   RU	500.00CR
25ฮสา	25ฮสา17	891216	VISA MONEY TRANSFER    RURVISA DIRECT   RU	3890.00CR
24ฮสา	25ฮสา17	891181	VISA MONEY TRANSFER    RURVISA DIRECT   RU	4955.00CR
24ฮสา	25ฮสา17	891197	VISA MONEY TRANSFER    RURVISA DIRECT   RU	11000.00CR
24ฮสา	25ฮสา17	891186	VISA MONEY TRANSFER    RURVISA DIRECT   RU	2577.00CR
24ฮสา	25ฮสา17	891204	Yandex.Money>MOSKVA    RURVisa Direct   RU	5290.00CR
25ฮสา	25ฮสา17	891217	SBOL                   RURMOSCOW        RU	10000.00CR
25ฮสา	25ฮสา17	891229	SBOL                   RURMOSCOW        RU	3700.00CR
25ฮสา	25ฮสา17	891230	SBOL                   RURMOSCOW        RU	10526.00CR
25ฮสา	25ฮสา17	891226	SBOL                   RURMOSCOW        RU	1550.00CR
25ฮสา	25ฮสา17	891234	SBOL                   RURMOSCOW        RU	114500.00
25ฮสา	25ฮสา17	891238	SBOL                   RURMOSCOW        RU	5000.00CR
25ฮสา	25ฮสา17	891241	SBOL                   RURMOSCOW        RU	5000.00
25ฮสา	25ฮสา17	891244	SBOL                   RURMOSCOW        RU	10600.00
24ฮสา	25ฮสา17	891198	VISA MONEY TRANSFER    RURVISA DIRECT   RU	8247.00CR
25ฮสา	25ฮสา17	891228	Visa Money Transfer    RURVisa Direct   RU	11500.00CR
24ฮสา	25ฮสา17	891188	VISA MONEY TRANSFER    RURVISA DIRECT   RU	7075.00CR
25ฮสา	25ฮสา17	891221	Yandex.Money>MOSKVA    RURVisa Direct   RU	1410.00CR
25ฮสา	26ฮสา17	891246	Visa Money Transfer    RURVisa Direct   RU	30000.00CR
25ฮสา	26ฮสา17	891247	Yandex.Money>MOSKVA    RURVisa Direct   RU	10000.00CR
25ฮสา	26ฮสา17	891239	VISA MONEY TRANSFER    RURVISA DIRECT   RU	12690.00CR
29ฮสา	30ฮสา17	891263	SBOL                   RURMOSCOW        RU	40000.00
29ฮสา	30ฮสา17	891265	SBOL                   RURMOSCOW        RU	50000.00CR
30ฮสา	30ฮสา17	891273	SBOL                   RURMOSCOW        RU	800.00CR
30ฮสา	30ฮสา17	891274	MBK                    RURMOSCOW        RU	2150.00CR
30ฮสา	30ฮสา17	891270	OSB 0232 0145          RURNIZHNIY TAGIL RU	8007.00CR
30ฮสา	30ฮสา17	891285	SBOL                   RURMOSCOW        RU	530.00CR
30ฮสา	30ฮสา17	891296	SBOL                   RURMOSCOW        RU	3500.00CR
30ฮสา	30ฮสา17	891300	SBOL                   RURMOSCOW        RU	7500.00CR
30ฮสา	30ฮสา17	891304	SBOL                   RURMOSCOW        RU	1200.00CR
30ฮสา	30ฮสา17	891268	VISA MONEY TRANSFER    RURVISA DIRECT   RU	2630.00CR
30ฮสา	30ฮสา17	891276	VISA MONEY TRANSFER    RURVISA DIRECT   RU	8135.00CR
30ฮสา	30ฮสา17	891267	SBOL                   RURMOSCOW        RU	1000.00CR
30ฮสา	30ฮสา17	891271	SBOL                   RURMOSCOW        RU	6500.00CR
30ฮสา	30ฮสา17	891272	SBOL                   RURMOSCOW        RU	3158.00CR
30ฮสา	30ฮสา17	891280	SBOL                   RURMOSCOW        RU	29500.00CR
30ฮสา	30ฮสา17	891281	SBOL                   RURMOSCOW        RU	3000.00CR
30ฮสา	30ฮสา17	891283	SBOL                   RURMOSCOW        RU	105000.00
30ฮสา	30ฮสา17	891286	SBOL                   RURMOSCOW        RU	6000.00CR
30ฮสา	30ฮสา17	891301	SBOL                   RURMOSCOW        RU	8100.00CR
30ฮสา	30ฮสา17	891298	SBOL                   RURMOSCOW        RU	43500.00
30ฮสา	30ฮสา17	891294	SBOL                   RURMOSCOW        RU	6000.00CR
30ฮสา	30ฮสา17	891307	SBOL                   RURMOSCOW        RU	9000.00CR
30ฮสา	30ฮสา17	891315	SBOL                   RURMOSCOW        RU	1000.00CR
31ฮสา	31ฮสา17	891321	SBOL                   RURMOSCOW        RU	11600.00CR
31ฮสา	31ฮสา17	891320	OSB 5221 0187          RURROSTOV-NA-DONURU	6000.00CR
31ฮสา	31ฮสา17	891326	SBOL                   RURMOSCOW        RU	3158.00CR
31ฮสา	31ฮสา17	891325	SBOL                   RURMOSCOW        RU	2500.00CR
31ฮสา	31ฮสา17	891330	SBOL                   RURMOSCOW        RU	1250.00CR
31ฮสา	31ฮสา17	891332	SBOL                   RURMOSCOW        RU	20600.00
30ฮสา	31ฮสา17	891291	YEVGENIY NABIYEV       KZTVisa Direct   KA	5073.96CR
31ฮสา	31ฮสา17	891324	SBOL                   RURMOSCOW        RU	75500.00
31ฮสา	31ฮสา17	891336	SBOL                   RURMOSCOW        RU	5000.00CR
31ฮสา	31ฮสา17	891337	SBOL                   RURMOSCOW        RU	4000.00CR
31ฮสา	31ฮสา17	891341	SBOL                   RURMOSCOW        RU	2105.00CR
30ฮสา	31ฮสา17	891293	VISA MONEY TRANSFER    RURVISA DIRECT   RU	2280.00CR
31ฮสา	31ฮสา17	891334	VISA MONEY TRANSFER    RURVISA DIRECT   RU	5425.00CR
30ฮสา	31ฮสา17	891295	VISA MONEY TRANSFER    RURVISA DIRECT   RU	3000.00CR
30ฮสา	31ฮสา17	891292	VISA MONEY TRANSFER    RURVISA DIRECT   RU	5000.00CR
31ฮสา	31ฮสา17	891329	VISA MONEY TRANSFER    RURVISA DIRECT   RU	2890.00CR
31ฮสา	31ฮสา17	891327	VISA MONEY TRANSFER    RURVISA DIRECT   RU	4800.00CR
30ฮสา	31ฮสา17	891302	VISA MONEY TRANSFER    RURVISA DIRECT   RU	14500.00CR
30ฮสา	31ฮสา17	891299	VISA MONEY TRANSFER    RURVISA DIRECT   RU	2750.00CR
30ฮสา	31ฮสา17	891303	VISA MONEY TRANSFER    RURVISA DIRECT   RU	14500.00CR
30ฮสา	31ฮสา17	891313	VISA MONEY TRANSFER    RURVISA DIRECT   RU	2280.00CR
30ฮสา	31ฮสา17	891311	VISA MONEY TRANSFER    RURVISA DIRECT   RU	3000.00CR
01อฮ฿	01อฮ฿17	891358	SBOL                   RURMOSCOW        RU	3000.00CR
01อฮ฿	01อฮ฿17	891369	SBOL                   RURMOSCOW        RU	1050.00CR
01อฮ฿	01อฮ฿17	891368	SBOL                   RURMOSCOW        RU	970.00CR
01อฮ฿	01อฮ฿17	891376	SBOL                   RURMOSCOW        RU	2500.00CR
01อฮ฿	01อฮ฿17	891362	VISA MONEY TRANSFER    RURVISA DIRECT   RU	4850.00CR
01อฮ฿	01อฮ฿17	891357	VISA MONEY TRANSFER    RURVISA DIRECT   RU	2890.00CR
01อฮ฿	01อฮ฿17	891360	VISA MONEY TRANSFER    RURVISA DIRECT   RU	3150.00CR
01อฮ฿	01อฮ฿17	891356	SBOL                   RURMOSCOW        RU	4000.00CR
01อฮ฿	01อฮ฿17	891359	SBOL                   RURMOSCOW        RU	3000.00CR
01อฮ฿	01อฮ฿17	891361	SBOL                   RURMOSCOW        RU	4200.00CR
01อฮ฿	01อฮ฿17	891372	SBOL                   RURMOSCOW        RU	3200.00CR
01อฮ฿	01อฮ฿17	891377	SBOL                   RURMOSCOW        RU	300.00CR
01อฮ฿	01อฮ฿17	891385	SBOL                   RURMOSCOW        RU	100000.00
01อฮ฿	01อฮ฿17	891366	VISA MONEY TRANSFER    RURVISA DIRECT   RU	1640.00CR
